st,prob
1,0.748052
2,0.056305
3,0.056305
4,0.056305
5,0.056305
6,0.004238
7,0.004238
8,0.004238
9,0.004238
10,0.004238
11,0.004238
12,0.000319
13,0.000319
14,0.000319
15,0.000319
16,0.000024
