st,prob
1,0.36992
2,0.09248
3,0.06528
4,0.09248
5,0.06528
6,0.09248
7,0.01632
8,0.02312
9,0.01632
10,0.02312
11,0.01632
12,0.01152
13,0.01632
14,0.01632
15,0.02312
16,0.01632
17,0.00408
18,0.00288
19,0.00408
20,0.00408
21,0.00578
22,0.00408
23,0.00288
24,0.00408
25,0.00288
26,0.00408
27,0.00072
28,0.00102
29,0.00072
30,0.00102
31,0.00072
32,0.00018
